,,,Size, Time, Time/Interval
,,,1,1.52e-05,1.52e-05
,,,100,2.74e-05,2.74e-07
,,,10000,0.0017749,1.7749e-07
,,,1000000,0.180107,1.80107e-07
,,,100000000,17.7276,1.77276e-07
