Linear rampup test,,
Size, Time, Time/Interval
1,0.0018183,0.0018183
2,0.0044969,0.00224845
3,0.005368,0.001789333
4,0.0070478,0.00176195
5,0.0091448,0.00182896
Exponential rampup test,,
Size, Time, Time/Interval
1,1.03E-05,1.03E-05
100,2.60E-05,2.60E-07
10000,0.0017868,1.79E-07
1000000,0.177447,1.77E-07
100000000,17.7660052,1.78E-07
